{"cameraMode":{"drawMode":0,"name":"Shaded","section":"Shading Mode"},"sceneLighting":true,"audioPlay":false,"sceneViewState":{"showFog":true,"showMaterialUpdate":false,"showSkybox":true,"showFlares":true,"showImageEffects":true,"showParticleSystems":true},"in2DMode":false,"pivot":{"x":8.584688186645508,"y":0.43367433547973635,"z":-3.909907341003418},"rotation":{"x":-0.034674450755119327,"y":-0.9590062499046326,"z":0.246918722987175,"w":-0.13467471301555634},"size":7.071845531463623,"orthographic":false}